Action,Notes,title,key,Org,count,Matches,Unmatched,Names,,,,,,,,,,,,,,,,,,,,,,,,,,,,,,,,,,,,,,,,,,,,,,,,,,,,,,,,,,,,,,,,,,,,,,,,,,,,,,,,,,,,,,,,,,,,,,,,,,,,,,,,,,,,,,,,,,,,,,,,,,,,,,,,,,,,,,,,,,,,,,,,,,,,,,,,,,,,,,,,,,,,,,,,,,,,,,,,,,,,
Create,,UNHCR - Joint Assessment of Refugees,,UNHCR - The UN Refugee Agency,,none,fa5e6255-a7be-4bd7-8b23-fe1a8d5b6f64|04e5065e-26e0-496c-8faf-545f1c8c764f|d6b6c79e-0f11-4dad-8cd7-e10f9905ac54|479b4b81-fda3-47f4-8444-0a04fa091729|cf0366b0-61c8-4d25-952f-2546197dc5d7|b2447152-34f7-475e-89c9-3a11885a6ce6,Democratic Republic of the Congo - Joint Assessment of Refugees from from Central African Republic in North and South Ubangi Living in Camps – Sep 2021,"Democratic Republic of the Congo - Joint Assessment of Refugees from South Sudan in the Sites in Biringi, Bele and Meri – Mar 2021",Democratic Republic of the Congo - Joint Assessment of Refugees from Burundi in Lusenda and Mulongwe Refugee Camps – Jan 2021,Democratic Republic of the Congo - Joint assessment of Refugees from Central African Republic in North and South Ubangi Living Outside of Camps – Oct 2021,Mozambique - UNHCR-WFP Joint Assessment Mission in Maratane - 2020-2021,Cameroon - Far North Joint Assessment of Nigerian Refugees - Oct 2021,,,,,,,,,,,,,,,,,,,,,,,,,,,,,,,,,,,,,,,,,,,,,,,,,,,,,,,,,,,,,,,,,,,,,,,,,,,,,,,,,,,,,,,,,,,,,,,,,,,,,,,,,,,,,,,,,,,,,,,,,,,,,,,,,,,,,,,,,,,,,,,,,,,,,,,,,,,,,,,,,,,,,,,,,,,,,,,
Create,,InterAction - Work of InterAction Members,,InterAction,,none,c58e2cd8-c908-4c23-a63a-a2bbf6076e0b|8b84749d-b615-4b23-87cf-9258e638d058|9db78170-2feb-40db-906e-03667479d630|1881a23f-d8b9-4969-bfe6-fa6d33a8eda3|2db439f5-32b8-4f51-a88b-78d2f7b1d130,Türkiye - Work of InterAction Members,Togo - Work of InterAction Members,Philippines - Work of InterAction Members,Czechia - Work of InterAction Members,Benin - Work of InterAction Members,,,,,,,,,,,,,,,,,,,,,,,,,,,,,,,,,,,,,,,,,,,,,,,,,,,,,,,,,,,,,,,,,,,,,,,,,,,,,,,,,,,,,,,,,,,,,,,,,,,,,,,,,,,,,,,,,,,,,,,,,,,,,,,,,,,,,,,,,,,,,,,,,,,,,,,,,,,,,,,,,,,,,,,,,,,,,,,,
Create,,REACH Initiative - Somalia Water Monitoring,,REACH Initiative,,none,dce2c3e6-1cbb-4361-8875-b43995fbdf44|e9cb1c41-2db3-4451-81aa-9a00354c7132|c603cb07-724d-4d3d-88f8-0b3e7ebcde68|efd22273-740e-4c44-b925-fd7662a0faae|8cb167a0-d774-4b3e-82c6-a24fc9c159fc|99a9dab4-1a46-4a93-91c1-78afa2f110ae|072293bc-b5e8-4bb4-aad2-a2eec42377ac|482ec9b2-ecd7-4173-b4ac-0772e5a80688|123d524c-76bc-47e5-9f9f-98bd5e872afe|70dc6110-abcb-4247-86da-03cea2a24bc5|4ee4cb83-939a-47e4-a6d5-3ab569f75a95|ddbc05a3-528a-4261-8494-d33d46c9f5bc|b3e1264d-1991-4430-a6d9-29d41f36ab14|7699e322-ee9b-4fdc-9ea1-33b1a4fd2acd,"Somalia - Water Price Monitoring , August 2017",Somalia - Water Market Monitoring System,"Somalia - Water Price Monitoring for Gedo Region, March 2017",Somalia - Water Price Monitoring for Gedo Region,Somalia - Water Price Monitoring System - August,Somalia - Water Price Monitoring in Gedo for May 2017,Somalia - Water Price Monitoring in Gedo for March 2017,Somalia - Water Price Monitoring System in Gedo Region (December 2016),"Somalia - Water Price Monitoring System, Gedo Region, November 2016",Somalia - Water Price Monitoring in Gedo for June 2017,Somalia - water price monitoring in Gedo,Somalia - Water Price Monitoring in Gedo in April 2017,Somalia - water price monitoring in bay and lower juba,"Somalia - Water Price Monitoring in bay, lower juba and Middle shabelle in june 2017",,,,,,,,,,,,,,,,,,,,,,,,,,,,,,,,,,,,,,,,,,,,,,,,,,,,,,,,,,,,,,,,,,,,,,,,,,,,,,,,,,,,,,,,,,,,,,,,,,,,,,,,,,,,,,,,,,,,,,,,,,,,,,,,,,,,,,,,,,,,,,,,,,,,,,,,,,,,,,,,,,,,,,,
Create,,Redhum - Ecuador Earthquake 3W,,Redhum |Redhum,,none,5cf002c8-c0c9-46f5-8a43-3f425f829174|d6f4be1e-352f-4a0b-9e35-35acb74eea7d|4c6f9827-5c07-4f8a-86fa-e60673b5a545|79fee4cc-0dcb-40f5-8b4b-51a93887086b|6113b66a-584e-4b1d-ac34-f0cbca2c9b89|f500f8a0-a8e8-42e9-b6bc-2a23eddb99a8|8b64c0c7-4114-4a2a-a5d7-c273e356c617|af439057-6f2e-441c-af10-ad437f5367c8|0cfbe907-4f00-4503-8dc0-cd83eda7349d|b8553b83-78f6-4ef4-808c-4e8295e9c238|f500f8a0-a8e8-42e9-b6bc-2a23eddb99a8|8b64c0c7-4114-4a2a-a5d7-c273e356c617|af439057-6f2e-441c-af10-ad437f5367c8|0cfbe907-4f00-4503-8dc0-cd83eda7349d|b8553b83-78f6-4ef4-808c-4e8295e9c238,Ecuador Earthquake 5W - Round 7,Ecuador Earthquake 5W - Round 8,Ecuador Earthquake 5W - Round 11,Ecuador Earthquake 5W - Round 10,Ecuador Earthquake 5W - Round 4,Ecuador Earthquake 5W - Round 13,Ecuador Earthquake 5W - Round 9,Ecuador Earthquake 5W - Round 6,Ecuador Earthquake 5W - Round 5,Ecuador Earthquake 4W - Round 3,Ecuador Earthquake 5W - Round 13,Ecuador Earthquake 5W - Round 9,Ecuador Earthquake 5W - Round 6,Ecuador Earthquake 5W - Round 5,Ecuador Earthquake 4W - Round 3,,,,,,,,,,,,,,,,,,,,,,,,,,,,,,,,,,,,,,,,,,,,,,,,,,,,,,,,,,,,,,,,,,,,,,,,,,,,,,,,,,,,,,,,,,,,,,,,,,,,,,,,,,,,,,,,,,,,,,,,,,,,,,,,,,,,,,,,,,,,,,,,,,,,,,,,,,,,,,,,,,,,,,
Create,,UNDRR - Disaster and Loss Data,,United Nations Office for Disaster Risk Reduction (UNDRR),,none,baeedcfd-14c7-4028-8eb0-e1192e82dc79|08c9ca36-8b95-4361-abf1-ce21bfc49184|34f077f2-7270-45db-8f95-da5e4bfd5c9a|60bb0852-2e19-4150-a142-34f7fc1e2fc0|7e62f19b-805c-44cb-8030-bd14275bd7b2|7debae59-b034-4e9a-9fb1-4f270e57435d|84aa5ccd-46eb-4bde-b39a-f9cb1a159fc3|01c902dd-fec3-499b-a6c0-d092c18bc73e|0fccd714-7418-4ce5-9632-bbe125681738|19ed73b5-9f91-4568-a0f3-48b7fa8c1796|d16485d0-2011-4f5d-bb12-9e92feb8f853|dc29e362-55fc-458f-af09-477d3f0e2bcb|463af9ac-a311-4d10-9ab9-cdb0ef4ed22a|b2bac671-00d7-4303-8cbe-046c90b159ff|6abc5323-7218-4592-9ab3-70c7e659f366,Disaster loss and damage dataset for Colombia,Disaster loss and damage dataset for Sri Lanka,Disaster loss and damage dataset for Senegal,Disaster loss and damage dataset for Niger,Disaster loss and damage dataset for Madagascar,Disaster loss and damage dataset for Kenya,Disaster loss and damage dataset for Costa Rica,Disaster loss and damage dataset for Albania,Disaster loss and damage data for Cambodia,Disaster Loss Data for Mali,Disaster Loss Data for Niger,Disaster Loss Data for Senegal,Disaster Loss Data for Togo,Disaster Loss Data for Madagascar,Disaster Loss Data for Indonesia,,,,,,,,,,,,,,,,,,,,,,,,,,,,,,,,,,,,,,,,,,,,,,,,,,,,,,,,,,,,,,,,,,,,,,,,,,,,,,,,,,,,,,,,,,,,,,,,,,,,,,,,,,,,,,,,,,,,,,,,,,,,,,,,,,,,,,,,,,,,,,,,,,,,,,,,,,,,,,,,,,,,,,
?,,,,OpenNepal|OpenNepal|OpenNepal|OpenNepal,,none,aec6b521-5e85-4de2-a6a8-7efcdc2dedc0|cfed1b32-b79e-4b89-880a-24924b208006|d3a3485d-a92c-4496-b4bc-465793737b05|0b699339-e368-453d-af0a-b382b1e18c18|a0a3f673-daa0-4298-8e2f-8eee887a7be7|b7d963d6-c887-49b0-9a9b-b37db10a73a9|8e3d4c70-bc1b-42a3-8198-6364df094829|dbabfa52-bb98-4fb5-9b99-2e86a76dd0c1|e7f6778d-a700-4256-bba3-fd77c44eb481|4e7dc5f8-12cb-4c69-9901-555714b23029|ddc3d0ce-3556-4408-b55c-5f0013383a62|22789acb-5896-48d4-b310-6a1e7b96a019|e0affa42-4625-4d2d-a515-c1fe847994e1|14fce7ab-bcaa-4b48-a8a0-1a5eb37dd43f|c24aa3bd-dcc9-4538-8a67-2a5bc512a3dd|5322dbb0-3b3c-4904-9598-dd699f56102c|0d460536-0e49-4ad8-b923-7cbbcc3f884e|16046b62-6f01-44bb-80d0-76911200493c|1dcbeeea-e8ea-48bb-9bf9-47c234bc9d94|48655971-22de-4da9-9cc3-95664f5983de|d32b366b-76c3-4c84-95a9-2ad2e99eed30|417387de-5f4b-4bee-b919-5d3f813b85a3|6d1116bf-cd00-42b1-b6e4-e2f2449c7873|fcc398fe-341b-496a-ae33-99d4476d3f4c|c202b8c8-975b-4419-befe-e1d4ff481324|652148b7-7867-4b66-b2c2-e15f35857886|d5f2f26d-c998-425b-b232-5264f0bfbafc|83adcd62-6e27-4625-bcad-912271015092|d948d30d-f486-4b45-8f01-6d69341abd3b|a58b86b2-e717-46bc-a37e-e27bf47e227c|9dfdd8f6-ffc1-4d10-8e82-fd88be9fa53d|c26f0e59-a380-4bd8-8b0d-a864e3c32923|c87cfb60-b7e6-4a0e-91af-c3e4e3aa4414|cf3741b5-3022-4ff9-8e41-a7db40f0df93|ddb80900-a02a-4608-918f-d88a97a48f70|e8382e01-9384-4d7e-b5f7-c49e6510f759|755002db-18ce-4b2c-b205-38838e2ed8c5|7a3c5d05-64d3-4531-bf9c-32295d0ee037|06bf5fb5-af34-4823-8df0-fbff7376aedd|90ed4465-20a5-447e-a578-ce1e0fb3e91c|ec6c2f85-226b-42ce-82c9-714eb769fe15|a0d7d581-29f1-413d-9350-dfd288c857b0|9024f22e-e560-4db8-9b75-48a3d1d64c57|e5064f2a-e8fb-4fe0-9214-dd536cc96b76|177044ec-21c3-4871-9959-2967a3afadfa|682f17eb-b16b-44e5-b162-71edc70fb15c|09ca4765-efac-411b-935f-85c0c76886a1|beb71d8f-7ff6-438f-ac9d-5ad996e3bda4|88923036-cf43-40e8-b332-00d21a506f4f|6ed8dcfe-7877-4811-9353-6d8a8d4ecf5f|059fb997-ee09-41ba-aedc-0e8cd2a1d140|4b43eb51-eb62-403f-8577-a2e05b311007|3c16a8bf-f3f7-45ac-94d8-6d0c08d75ed6|c917108b-4830-4837-9f37-da20e2de70c0|bebf92eb-d9de-4cfd-8b18-e4f751f9a742|e9a983f7-79a3-40c8-be98-55c347d82879|3d1a070c-8333-4455-a7a8-bb6df4520ad9|57ab0878-ca17-4dab-b59a-cf91adb4f937,"Nepal - Grants to DDC, VDC and Municipality from 2009/10 - 2013/14",Nepal - Gross Value Added by Industrial Division at current prices,Nepal - Government Expenditure from 2010/11 to 2012/13,Nepal - Number of Banks and Financial Institutions in 2013/14,Nepal - Government Budget Allocated to Districts for the year 2070 - 71,Nepal - Government Income from 2010/11 to 2012/13,Nepal - Unemployment status,Nepal - Annual Growth Rate of GDP by Economic Activities at constant price,Nepal - Intermediate consumption by intermediate division at current prices,Nepal - Remittance Inflows for the year 2011/12,Nepal - Remittance estimates of sending countries and receiving country Nepal 2012,Nepal - Gross Value Added by Industrial Division at constant 2000/01 prices,"Nepal - Ministry Wise foreign grants and loans, 2014/15",Nepal - GDP Trend,Nepal - Migrant remittance inflow in Nepal 2012,"Nepal - Number of Nepalese people going abroad,2000-2013",Nepal - District wise Budget Expenditure Status for the year 2070/71 Mangsir,Nepal - Remittance estimates from Nepal as sending country to other receiving countries 2012,Nepal - Remittance Outflows for the year 2011/12,Nepal - Number of telephone subscribers,Nepal - Migrant remittance outflow from Nepal 2012,Nepal - Number of Industries Approved for Foreign Investment by Country of Origin (Up to F.Y. 2061/62 FNM),Nepal - Gross Domestic Product deflator by industrial division,Nepal - Foreign grant and loan summary,"Nepal - Red Book budget -Ministry wise expenditure,2014/15",Nepal - Composition of gross domestic product by ISIC division at current prices,Nepal - Number of Industries Approved for Foreign Investment by District (Up to F.Y. 2061/62 FNM),Nepal - Labour Productivity (2014),"Nepal - International Trade ,2060/61 - 2069/70","Nepal - Number of Nepalese going aboard by purpose of visit and month, 2012-2013",Nepal - Gross Output by Industrial Division at current prices,"Nepal - Inflation, consumer prices (annual %)",Nepal - Number of Industries Approved for Foreign Investment by Fiscal Year (Up to F.Y. 2061/62 FNM),Nepal - Total Number of Registered Vehicle (2013),Nepal - New and supplemental projects of World Bank in Nepal,"Nepal - Number of Vehicle Registration in Bagmati Zone, 2000-2014","Nepal - Number of hospitals in Nepal,2013",Nepal - Development program and budget allocation in the district FY 207071,Nepal - Causes of Road Accidents (2013),Nepal - District wise Human Development Index (2011),Nepal - Road Traffic Accident Records (2013),"Nepal - Number of hospital bed capacity in development region,2013","Nepal - Total Strategic Road Network (SRN) Length,Influenced Population of District in Nepal, 2011",Nepal - Number of crimes (2068-71 B.S),Nepal - Per Capita Disbursement per District as per AMP data for 2012-13,Nepal - AMP Data with location for mapping,Nepal - CRS aid data - 2011,Nepal - CRS aid data - 2012,Nepal - Per Capita Disbursement per District as per AMP data for 2011-12,"Nepal - Financial Aid data for earthquake as of June 9,2015","Nepal - Total Municipal Budget and Solid Waste Management Budget in the 58 Municipalities, Fiscal Years 2010–2012",Nepal - District Coverage of Water Supply and Sanitation (2011),Nepal - Composition of Commercial Waste (%) in 58 municipalities 2013.,Nepal - Detail of Eight Terai Districts with Low Sanitation coverage (2013),Nepal - Composition of household Waste (%) in 58 municipalities 2013,"Nepal - Allocated budget and expenditure on the water and sanitation program,2070/71",Nepal - Composition of Industrial Waste (%) in 58 municipalities 2013,Nepal - The State of School Sanitation in Nepal,,,,,,,,,,,,,,,,,,,,,,,,,,,,,,,,,,,,,,,,,,,,,,,,,,,,,,,,,,,,,,,,,,,,,,,,,,,,,,,,,,,,,,,,,,,,,,,,,,,,,,,,,,,,,,,,,,,,,,,,,,,
?,,,,OpenNepal,,none,cf3741b5-3022-4ff9-8e41-a7db40f0df93|ddb80900-a02a-4608-918f-d88a97a48f70|e8382e01-9384-4d7e-b5f7-c49e6510f759|755002db-18ce-4b2c-b205-38838e2ed8c5|7a3c5d05-64d3-4531-bf9c-32295d0ee037|06bf5fb5-af34-4823-8df0-fbff7376aedd|90ed4465-20a5-447e-a578-ce1e0fb3e91c|ec6c2f85-226b-42ce-82c9-714eb769fe15|a0d7d581-29f1-413d-9350-dfd288c857b0|9024f22e-e560-4db8-9b75-48a3d1d64c57|e5064f2a-e8fb-4fe0-9214-dd536cc96b76,Nepal - Total Number of Registered Vehicle (2013),Nepal - New and supplemental projects of World Bank in Nepal,"Nepal - Number of Vehicle Registration in Bagmati Zone, 2000-2014","Nepal - Number of hospitals in Nepal,2013",Nepal - Development program and budget allocation in the district FY 207071,Nepal - Causes of Road Accidents (2013),Nepal - District wise Human Development Index (2011),Nepal - Road Traffic Accident Records (2013),"Nepal - Number of hospital bed capacity in development region,2013","Nepal - Total Strategic Road Network (SRN) Length,Influenced Population of District in Nepal, 2011",Nepal - Number of crimes (2068-71 B.S),,,,,,,,,,,,,,,,,,,,,,,,,,,,,,,,,,,,,,,,,,,,,,,,,,,,,,,,,,,,,,,,,,,,,,,,,,,,,,,,,,,,,,,,,,,,,,,,,,,,,,,,,,,,,,,,,,,,,,,,,,,,,,,,,,,,,,,,,,,,,,,,,,,,,,,,,,,,,,,,,,,,,,,,,,
?,,,,OpenNepal,,none,177044ec-21c3-4871-9959-2967a3afadfa|682f17eb-b16b-44e5-b162-71edc70fb15c|09ca4765-efac-411b-935f-85c0c76886a1|beb71d8f-7ff6-438f-ac9d-5ad996e3bda4|88923036-cf43-40e8-b332-00d21a506f4f|6ed8dcfe-7877-4811-9353-6d8a8d4ecf5f,Nepal - Per Capita Disbursement per District as per AMP data for 2012-13,Nepal - AMP Data with location for mapping,Nepal - CRS aid data - 2011,Nepal - CRS aid data - 2012,Nepal - Per Capita Disbursement per District as per AMP data for 2011-12,"Nepal - Financial Aid data for earthquake as of June 9,2015",,,,,,,,,,,,,,,,,,,,,,,,,,,,,,,,,,,,,,,,,,,,,,,,,,,,,,,,,,,,,,,,,,,,,,,,,,,,,,,,,,,,,,,,,,,,,,,,,,,,,,,,,,,,,,,,,,,,,,,,,,,,,,,,,,,,,,,,,,,,,,,,,,,,,,,,,,,,,,,,,,,,,,,,,,,,,,,
?,,,,OpenNepal,,none,fa93f841-bc95-4f20-aa06-9e13e45c128f|8566a1dd-c32a-4b70-a20c-dea07d4fc8d4|00215f01-9326-493a-aff1-6267684fa962|64a8d9f1-a34e-4f40-8f17-25c673d37682|0cdf5120-a91d-45d7-beec-4569c308efaf|c1bd3798-4313-4549-9f29-d161994ca5ff,Nepal - National population and household census(1971-2011),"Nepal - District wise Population Annual Growth Rate (%), 2011","Nepal - Manufacturing Companies (2006/07,2011/12)",Nepal - District wise Population Land Ratio and Population Density (2011),Nepal - Population Trend,Nepal - Under five year population in 2068/69,,,,,,,,,,,,,,,,,,,,,,,,,,,,,,,,,,,,,,,,,,,,,,,,,,,,,,,,,,,,,,,,,,,,,,,,,,,,,,,,,,,,,,,,,,,,,,,,,,,,,,,,,,,,,,,,,,,,,,,,,,,,,,,,,,,,,,,,,,,,,,,,,,,,,,,,,,,,,,,,,,,,,,,,,,,,,,,
?,,,,OpenNepal,,none,059fb997-ee09-41ba-aedc-0e8cd2a1d140|4b43eb51-eb62-403f-8577-a2e05b311007|3c16a8bf-f3f7-45ac-94d8-6d0c08d75ed6|c917108b-4830-4837-9f37-da20e2de70c0|bebf92eb-d9de-4cfd-8b18-e4f751f9a742|e9a983f7-79a3-40c8-be98-55c347d82879|3d1a070c-8333-4455-a7a8-bb6df4520ad9|57ab0878-ca17-4dab-b59a-cf91adb4f937,"Nepal - Total Municipal Budget and Solid Waste Management Budget in the 58 Municipalities, Fiscal Years 2010–2012",Nepal - District Coverage of Water Supply and Sanitation (2011),Nepal - Composition of Commercial Waste (%) in 58 municipalities 2013.,Nepal - Detail of Eight Terai Districts with Low Sanitation coverage (2013),Nepal - Composition of household Waste (%) in 58 municipalities 2013,"Nepal - Allocated budget and expenditure on the water and sanitation program,2070/71",Nepal - Composition of Industrial Waste (%) in 58 municipalities 2013,Nepal - The State of School Sanitation in Nepal,,,,,,,,,,,,,,,,,,,,,,,,,,,,,,,,,,,,,,,,,,,,,,,,,,,,,,,,,,,,,,,,,,,,,,,,,,,,,,,,,,,,,,,,,,,,,,,,,,,,,,,,,,,,,,,,,,,,,,,,,,,,,,,,,,,,,,,,,,,,,,,,,,,,,,,,,,,,,,,,,,,,,,,,,,,,,
Create,,Regional Cholera Platform in West and Central Africa - Cholera Outbreaks in Central and West Africa,,Regional Cholera Platform in West and Central Africa,,none,bc3d8708-aaa9-44af-b86b-546da32dfb5a|97759b41-ba38-4051-954a-f651cb1ad8d4|98b115f6-414f-443d-99c8-72b7c487a0ac|f1195ba1-ada6-4008-bc9a-aafecbf30503|0fef9222-0a41-487c-afcd-812544844801|76efa106-bc65-4231-9306-67c0d8c020bd,Cholera Outbreaks in Central and West Africa : 2017 Regional Update,Cholera Outbreaks in Central and West Africa : 2012 Regional Update,Cholera Outbreaks in Central and West Africa : 2016 Regional Update,Cholera Outbreaks in Central and West Africa : 2015 Regional Update,Cholera Outbreaks in Central and West Africa : 2014 Regional Update,Cholera Outbreaks in Central and West Africa : 2013 Regional Update,,,,,,,,,,,,,,,,,,,,,,,,,,,,,,,,,,,,,,,,,,,,,,,,,,,,,,,,,,,,,,,,,,,,,,,,,,,,,,,,,,,,,,,,,,,,,,,,,,,,,,,,,,,,,,,,,,,,,,,,,,,,,,,,,,,,,,,,,,,,,,,,,,,,,,,,,,,,,,,,,,,,,,,,,,,,,,,
Create,,IFRC - Hurricane Matthew 4W,,International Federation of Red Cross and Red Crescent Societies (IFRC),,none,ded79a38-e0c8-4446-a989-91f4338e6763|4ac144b5-e4bd-436b-974a-fe2c234e7d59|bc80ed00-5842-4932-ac26-e36cee196cfa|5fcd29f1-3589-4102-9351-ce96ea51e964|026419d3-7f73-4809-bf92-a1ea3dd1ffae,"Partial Assessment and 3W matrix ,Hurricane Matthew","Partial Assessment and 4W matrix ,Hurricane Matthew","Partial Assessment and 4W matrix ,Hurricane Matthew. as of 13.10.2016","Partial Assessment and 4W matrix ,Hurricane Matthew","Partial Assessment and 4W matrix ,Hurricane Matthew.",,,,,,,,,,,,,,,,,,,,,,,,,,,,,,,,,,,,,,,,,,,,,,,,,,,,,,,,,,,,,,,,,,,,,,,,,,,,,,,,,,,,,,,,,,,,,,,,,,,,,,,,,,,,,,,,,,,,,,,,,,,,,,,,,,,,,,,,,,,,,,,,,,,,,,,,,,,,,,,,,,,,,,,,,,,,,,,,
Create,,OCHA Sudan - Sudan Feeding Centres,,OCHA Sudan,,none,aadb1358-5768-4f6a-8398-b6c320086e25|b63cef70-aa7b-4678-bfe1-c766e3ab31f2|cad348c1-9cec-448a-8a45-ddd33fee3647|fb0eda1b-7f78-4d84-aa53-505023b6c7c2|5f768906-21d7-42b2-bddc-6ff706edd4af|2b16d189-ff0f-46d9-87d4-691cfa8a5955|ffd98e7f-58ec-49d0-b9d3-94691055cd1f|b06d7044-78e4-4e08-b0d1-42440eb2d389|a5c00ced-478d-45e3-b744-9ca1ebb040d6|aa8c3cb5-06e6-4772-9bc4-200cb8207e7a|edec932d-3c99-401f-8396-75c7dce93704,Sudan: South Kordofan State Nutrition and Feeding Centers,Sudan: Red Sea State Nutrition and Feeding Centers,Sudan: Sennar State Feeding Centers,Sudan: White Nile State Nutrition and Feeding Centers,Sudan: West Kordofan State Nutrition and Feeding Centers,Sudan: Khartoum Nutrition and Feeding Centers,Sudan: Kassala State Nutrition and Feeding Centers,Sudan - Nutrition Feeding Centers by State (2014.),Sudan: Central Darfur Nutrition Feeding Centers,Sudan - Blue Nile State Nutrition Feeding Centers,Sudan - World Food Programme (WFP) Nutrition Sites,,,,,,,,,,,,,,,,,,,,,,,,,,,,,,,,,,,,,,,,,,,,,,,,,,,,,,,,,,,,,,,,,,,,,,,,,,,,,,,,,,,,,,,,,,,,,,,,,,,,,,,,,,,,,,,,,,,,,,,,,,,,,,,,,,,,,,,,,,,,,,,,,,,,,,,,,,,,,,,,,,,,,,,,,,
Create,,UNDRR - GAR15 Global Exposure,,United Nations Office for Disaster Risk Reduction (UNDRR),,none,c88a7ca1-5369-4e87-a2bc-b423e14bfd97|f2d1ac61-55b0-4e1e-822a-7d933043223f|a4aaa119-8cc3-4161-8a8e-aab70617548f|a48cac72-edbb-482b-a894-8d9efa6a95eb|02265908-5038-4021-bb65-d2b123a1431c|0292e98d-6bdc-4a9f-90a4-105cb0a691d4|57bb9619-b7e8-4cba-9453-b947d3a87107|871ab1cc-a0b8-4734-8789-04383847f681|028adb2b-aae4-4cdf-8946-dd64d499e0cb|1a334371-41a7-4893-a9c4-b9b75ee46db5|070b9ca4-600c-41ac-ba98-6b5341e8fbd5|45172151-5a43-47f2-b6b8-acfb164837d4|d0b6f5d1-cd1d-404c-93bc-46bc4cd14891|3f54639f-3f3c-49a2-bfae-d662cdd5dfe6|55e490e7-913f-46f0-8b5f-411a66070585|c7ad6504-2ac8-48aa-bf21-721d7f778d5a|99d73230-12cf-495e-abeb-5fe6f00f3691|a4804569-f044-4a5e-885b-26065c03a9c7|26f472c4-4df0-4b3f-be13-503a250f72a8|e71bdd15-3658-49bd-b725-26d6b611e119|a2c90e81-c67c-4ee2-8318-3d7453c0943a|132ccaad-a1bb-4974-84b5-c345d7c70b2c|1734b7a6-4b09-4be4-9e49-d00afe566623|7f41b463-9022-4c70-a92d-48197c9f6d38|212b5380-4084-4604-9a88-f22e78975fe0|75e3f55f-cb87-4936-b25e-64c8fa67e5e9|b6a009de-33f1-4429-a4b8-c4930626e7c2|e980fe01-dd7a-4e98-9dc2-a7feec135093|ad9a496e-1a37-4f42-a5a7-5d8accd67ad3|8edf340c-298c-44a1-ab48-16c2b8970a20|84ae47e6-cf15-4df2-b861-d903fb88da0c|b4eb8251-c9f4-405e-9f83-2b891d35e46c|965c7fd3-fdea-4531-be12-0478b4bca3be|fd7c188e-c832-4699-bb2d-6f48676a469a|766a5dd8-eb50-43bb-8d43-c20e2f51b955|d976e15f-1659-4739-8d6b-5ab1d8ac2d99|887e41e0-73ca-40f3-907f-ffabc9d94850|4db2f4b2-0388-423f-a037-640722642d17|cd92bfe7-c06b-415f-9a1f-a3e020ae0787|c3f73f51-3917-40ff-a1fb-578364a33e8d|798add7b-8fc7-4249-9acf-c1e378aee302|af63e950-a740-4639-83ef-b367812039aa|4c063989-f312-4ec7-b108-65c65d7eed95|9fde9f65-9191-4811-82bd-1be81a352d23|172d6156-55e5-4b30-b8b4-283e0c86d8e3|25f2a94a-5102-49a5-ba8d-d278401d0381|26c9e165-915d-4cab-ba24-6c7f787c4ab5|1eacd34d-94ab-4177-8343-c43fd979ae3c|28272ec7-39ca-46e0-ae96-517964d5cb4e|9f0bc134-4a21-4b2a-8d10-7bfe68b295ab|78bba34c-06fc-4fc5-bc19-109ac21180d5|2e90b891-1b2e-4b5a-b310-7f82f1c1b433|7f93a2fd-8e1b-42ab-9d33-d3f5489da880|84187908-5f1a-4e2a-ada4-b4d441200853|655ecf02-d3ff-40c3-a29a-873e87b47a67|a84343b2-5a64-4856-ac7b-d8d749d4c364|e31b9e83-1a7e-458e-a257-df121cd15fc9|57073352-d08c-4ea8-b68f-9f08b0cf3d01|21f1c198-dcca-4e53-a1f6-9a1e92daf446|3264a8f9-864b-48d8-b0ff-a0c77259566a|ba98a5f2-a5ea-4475-ae70-83fe81bdeb4b|444ced19-b019-4591-92a0-9dadd8f89380|fe52d7b7-bf10-4599-911e-e7b6a47194e6|b203958b-80e1-4a6c-b94d-fcb57f7e5360|c526a692-b2b1-4182-808e-629d506e2b01|346ca9ab-4a09-4013-a50c-e29cfd7785d8|4beb72e7-ac64-4f2d-b59e-6610c6c70d1c|12665653-0206-4a85-b990-9601b579ab2d|02556e78-9eb2-495b-8e43-0b3337e35061|5b79a1b4-1af4-44c3-b244-72c46caed718|f5cd2533-e088-4b3e-a676-b3672db20fa8|bfd98db8-c3c6-42e0-911c-1e10cde6fa46|ddbcd1da-c937-46d7-bbc0-bb205c987b67|fd3bf436-cf2e-4c82-bbc9-c05b428aa78d|879755fd-41cc-4ad4-870c-9c2f3b0c96f2|c7752374-fad3-4736-8f16-eda2d19b5f68|ab55f5c2-7c43-4597-a8c4-a81a47c13a56|aacb4480-bf53-4428-98f6-fae744ac181f|d302a434-6745-469e-93df-456103eee40d|82df34f6-e083-4497-b592-03c9de9042bb|8233018d-4536-46e2-b38b-c2b8c925595c|11908092-a07c-4db1-bba2-51b673bdbc1a|4bc7079a-ec6f-4230-865f-8e821b9e37ba|4b5a4e7c-379b-4a28-becf-5092b92786f6|23d62d61-cb63-430c-9d00-c2f540116577|5874fec9-6000-48fe-a8cc-859fa0aa3f0f|894945ed-e875-448f-8597-d881189ee79f|a67b6e75-f858-4927-96f2-6cb21bd246ce|5c4c57da-bfe0-43f2-8d0c-16a43257778c|5eddfa9d-ad64-4f37-88b6-fde12943a6b2|edac1807-f0f6-4f07-b6e0-712ecfed95f0|91727b86-5d62-4b34-99ce-622da523397c|2adce84e-013d-4910-8b3f-772e481153be|ed60ef20-1921-49a2-8e15-40ccb0505357|4cc658f6-b8c1-4b25-bc55-760186b9a0db|e2e7e741-cb9b-4930-806c-5bc898f72dc8|ea823014-b5b8-4435-ab47-8064c436de3e|c3cc93de-d0d2-4bac-8126-6c856364f7a5|1874bcb1-f4b7-4db8-a34f-ea41e43c6a29|375e7dfc-e912-43af-b543-d99200a01cb5|2526a609-0b78-45fc-b1df-600381a79e1d|9730113c-5b98-42d8-a5c3-63c8464ea9ae|63ad8e2d-09a7-4bab-bb67-c8da894c59f2|dabd13c4-23cf-410c-8648-a0f8447efb17|7c04dd9b-6d50-4e45-adad-5fd984d1a42e|651f2b92-12cb-43c3-9f27-0714e495e376|53563626-105b-4eb5-94bc-e36207492215|234cbb2a-4523-498e-bdd6-9bd86fb0a145|0bc5a456-d9a6-472c-b03b-e0b0f321327c|ad8e8e0a-c1c4-4e56-af3f-29bc14a8c3bb|2e2ba4cc-470d-40df-aedb-54e7977bdfd6|743e4605-d7c5-4889-a6f0-3587715d9381|a18499e6-7c6a-4305-8e2c-0de351fc7e03|bcc3d20f-4294-4245-b746-adf4f67dc241|29d9d352-eff7-4d33-9713-6e0b6e3ab791|d8e0436c-0b17-46b3-96a2-d094bf6e728c|a5520312-f4fe-4a1e-9d0b-bf879c1587a8|1e64c32b-a658-4641-9b7b-fef4dc2f2336|eafe1256-7264-466a-b877-4f24691688e5|b2bc0d6f-c90a-495a-9860-28cdd55130cd|7d14aeab-2a52-405c-b7cb-e3d7f91768b7|3f2f6bc3-bb14-4ca2-b630-6c19da518b9b|a593e2d1-0e3b-416d-8084-1168762834aa|8ae02e11-be6a-4114-8350-65345f198d41|20270df9-4aad-450b-a836-f01684e33683|f2931a0f-200b-4bbf-8ee3-522f1811409d|fa22e310-a99e-455d-856e-720956279a09|8cf116bb-8aa0-4d7a-9f34-7d2aab5b0bfc|9862bbec-dc4f-46d2-8c49-660f57f5a9d2|25fe8bc9-a2b8-4677-9fe8-87cca71da136|3b5f6c4e-a823-4513-88c2-90bf4469b5e1|6d370fa7-74ef-43d2-a702-a40b955f9c2c|75b9c4f7-6cb5-4b17-812f-4d5df97751a1|94dfaf72-bc0e-4779-81e7-3bd2d5a1ef8f|3f59b6ff-b2d0-48cf-ae8f-3820916b99dc|6d58414d-55a5-4ee5-870a-359f353ecc4d|e07002e8-8939-43a1-88a5-f2f0ac1021e3|80e705ab-cbc8-4078-920b-7438b1fd37de|87bbdfa3-511c-4e43-a52f-2c45b0d547fc|174a4f4c-cbae-4612-8332-3adb5d63844e|c88ae941-e3c2-4160-b49d-2d466c9b6f49|60221145-5fa5-402b-ae80-ffda5ca3faac|ebb5514b-5286-400e-b9d7-5ea88a7227c4|fde03cbf-4018-450e-99a7-d34d8e0c68b9|799343cf-e317-4c2e-8f18-eb1b13c44a10|3ab05ef9-5121-47d8-b060-6b1dead1346e|30659451-c751-4299-b881-e059b1e48444|e8b852dc-cf6b-4349-80b3-e6e137d1ee34|6c240821-f682-4df3-8678-08fd21b8c806|5622914c-2e36-4ae9-b03e-b2ab093bd1c9|a8b0b626-9de4-453d-8acc-f98717e36914|7f04ea35-cdfe-4114-9ac3-58bebf6103df|2b35a022-2f17-4961-8cc1-71cc17c29bdb|f6263e95-b78a-46da-b5ae-b27a3cbb4827|18cd9dea-3e45-4ca7-9e3d-98f5d2b320dc|f55c521b-0fda-47e2-9dc0-b685bcb7a664|24b0adf6-f015-4483-bf1d-bd9399b41c87|14e56a99-3a7e-461e-a59a-8c3dc585d999|361f71c1-456d-4043-8f97-36844e659617|1a633294-9667-48b5-9314-a5fb609e69e8|50541929-2d03-4a58-9192-67e5ac1e3a81|272d80f0-61d5-413d-a0e0-1e2fe6137dc6|ea1e72cd-0b63-44aa-976f-dd4790711ca9|61e2a122-9884-4d3e-8be0-af2416bfecf9|f9a652b4-a43a-4360-a315-67b0a69727f3|6e16f3b8-d4da-4224-95dc-8663e6c21f4a|fc516454-fc2c-4482-b6d4-d4b9c611440b|f39f16fe-f2b0-4e97-9696-d73b666597e7|0c9f45dd-d964-48e8-80c7-17083b3c2c4b|7009ca53-1552-4436-b726-8176c15b8ad2|eb7d08b9-f2ec-439a-9e33-87dce123e9ab|ad03eb9f-8717-45fe-95d2-d6829df62e93|7ce4ca7f-5e49-4e3c-94ea-45bf68f9449a|eb4f033b-71c2-4ee7-b3a6-c4c339437e56|a995f802-9145-47da-8140-1748881a50fe|5d781d89-1bca-4761-abd5-b891343046b9|81e6f5eb-5855-47e5-ac9e-9771c1469c80|dd3f9e0c-c0e8-4fb3-b304-badbaccfbdae|3d2fe0df-7cc9-44a6-b7b3-3b864732a6c1|0ce1b4c2-1d64-4db7-b257-bd30ac66f534|8732d950-9bca-4250-8457-f76368f418e3,GAR15 Global Exposure Dataset for Russian Federation,GAR15 Global Exposure Dataset for Saudi Arabia,GAR15 Global Exposure Dataset for French Polynesia,"GAR15 Global Exposure Dataset for Palestine, State of",GAR15 Global Exposure Dataset for Papua New Guinea,GAR15 Global Exposure Dataset for Puerto Rico,GAR15 Global Exposure Dataset for South Africa,GAR15 Global Exposure Dataset for Viet Nam,GAR15 Global Exposure Dataset for Virgin Islands (U.S.),GAR15 Global Exposure Dataset for Virgin Islands (British),GAR15 Global Exposure Dataset for Solomon Islands,GAR15 Global Exposure Dataset for Trinidad and Tobago,GAR15 Global Exposure Dataset for Timor-Leste,GAR15 Global Exposure Dataset for South Sudan,GAR15 Global Exposure Dataset for Turks and Caicos Islands,GAR15 Global Exposure Dataset for Sao Tome and Principe,GAR15 Global Exposure Dataset for San Marino,GAR15 Global Exposure Dataset for El Salvador,GAR15 Global Exposure Dataset for Sierra Leone,GAR15 Global Exposure Dataset for Tanzania,"GAR15 Global Exposure Dataset for Taiwan, Province of China",GAR15 Global Exposure Dataset for United States of America,GAR15 Global Exposure Dataset for Syrian Arab Republic,GAR15 Global Exposure Dataset for Ukraine,GAR15 Global Exposure Dataset for Zimbabwe,GAR15 Global Exposure Dataset for Saint Vincent and the Grenadines,GAR15 Global Exposure Dataset for Portugal,GAR15 Global Exposure Dataset for Korea (Democratic People's Republic of),GAR15 Global Exposure Dataset for Peru,GAR15 Global Exposure Dataset for Panama,GAR15 Global Exposure Dataset for Pakistan,GAR15 Global Exposure Dataset for Oman,GAR15 Global Exposure Dataset for New Zealand,GAR15 Global Exposure Dataset for Nepal,GAR15 Global Exposure Dataset for Norway,GAR15 Global Exposure Dataset for Netherlands,GAR15 Global Exposure Dataset for Nicaragua,GAR15 Global Exposure Dataset for Nigeria,GAR15 Global Exposure Dataset for Niger,GAR15 Global Exposure Dataset for New Caledonia,GAR15 Global Exposure Dataset for Namibia,GAR15 Global Exposure Dataset for Mayotte,GAR15 Global Exposure Dataset for Malaysia,GAR15 Global Exposure Dataset for Malawi,GAR15 Global Exposure Dataset for Mauritius,GAR15 Global Exposure Dataset for Martinique,GAR15 Global Exposure Dataset for Montserrat,GAR15 Global Exposure Dataset for Mauritania,GAR15 Global Exposure Dataset for Mozambique,GAR15 Global Exposure Dataset for Mongolia,GAR15 Global Exposure Dataset for Montenegro,GAR15 Global Exposure Dataset for Myanmar,GAR15 Global Exposure Dataset for Malta,GAR15 Global Exposure Dataset for Mali,GAR15 Global Exposure Dataset for Macedonia (the former Yugoslav Republic of),GAR15 Global Exposure Dataset for Marshall Islands,GAR15 Global Exposure Dataset for Mexico,GAR15 Global Exposure Dataset for Maldives,GAR15 Global Exposure Dataset for Madagascar,GAR15 Global Exposure Dataset for Moldova (Republic of),GAR15 Global Exposure Dataset for Monaco,GAR15 Global Exposure Dataset for Morocco,GAR15 Global Exposure Dataset for Macao,GAR15 Global Exposure Dataset for Latvia,GAR15 Global Exposure Dataset for Luxembourg,GAR15 Global Exposure Dataset for Lithuania,GAR15 Global Exposure Dataset for Lesotho,GAR15 Global Exposure Dataset for Sri Lanka,GAR15 Global Exposure Dataset for Liechtenstein,GAR15 Global Exposure Dataset for Saint Lucia,GAR15 Global Exposure Dataset for Libya,GAR15 Global Exposure Dataset for Liberia,GAR15 Global Exposure Dataset for Lebanon,GAR15 Global Exposure Dataset for Lao People's Democratic Republic,GAR15 Global Exposure Dataset for Kuwait,GAR15 Global Exposure Dataset for Korea (Republic of),GAR15 Global Exposure Dataset for Saint Kitts and Nevis,GAR15 Global Exposure Dataset for Kiribati,GAR15 Global Exposure Dataset for Cambodia,GAR15 Global Exposure Dataset for Kyrgyzstan,GAR15 Global Exposure Dataset for Kenya,GAR15 Global Exposure Dataset for Kazakhstan,GAR15 Global Exposure Dataset for Japan,GAR15 Global Exposure Dataset for Jordan,GAR15 Global Exposure Dataset for Jamaica,GAR15 Global Exposure Dataset for Italy,GAR15 Global Exposure Dataset for Israel,GAR15 Global Exposure Dataset for Iceland,GAR15 Global Exposure Dataset for Iraq,GAR15 Global Exposure Dataset for Iran (Islamic Republic of),GAR15 Global Exposure Dataset for Ireland,GAR15 Global Exposure Dataset for India,GAR15 Global Exposure Dataset for Indonesia,GAR15 Global Exposure Dataset for Hungary,GAR15 Global Exposure Dataset for Haiti,GAR15 Global Exposure Dataset for Croatia,GAR15 Global Exposure Dataset for Honduras,GAR15 Global Exposure Dataset for Hong Kong,GAR15 Global Exposure Dataset for Guyana,GAR15 Global Exposure Dataset for French Guiana,GAR15 Global Exposure Dataset for Guatemala,GAR15 Global Exposure Dataset for Greenland,GAR15 Global Exposure Dataset for Grenada,GAR15 Global Exposure Dataset for Greece,GAR15 Global Exposure Dataset for Equatorial Guinea,GAR15 Global Exposure Dataset for Guinea-Bissau,GAR15 Global Exposure Dataset for Gambia,GAR15 Global Exposure Dataset for Guadeloupe,GAR15 Global Exposure Dataset for Guinea,GAR15 Global Exposure Dataset for Gibraltar,GAR15 Global Exposure Dataset for Ghana,GAR15 Global Exposure Dataset for Georgia,GAR15 Global Exposure Dataset for United Kingdom of Great Britain and Northern Ireland,GAR15 Global Exposure Dataset for Gabon,GAR15 Global Exposure Dataset for Micronesia (Federated States of),GAR15 Global Exposure Dataset for Faroe Islands,GAR15 Global Exposure Dataset for France,GAR15 Global Exposure Dataset for Falkland Islands (Malvinas),GAR15 Global Exposure Dataset for Fiji,GAR15 Global Exposure Dataset for Finland,GAR15 Global Exposure Dataset for Ethiopia,GAR15 Global Exposure Dataset for Estonia,GAR15 Global Exposure Dataset for Spain,GAR15 Global Exposure Dataset for Western Sahara,GAR15 Global Exposure Dataset for Eritrea,GAR15 Global Exposure Dataset for Egypt,GAR15 Global Exposure Dataset for Ecuador,GAR15 Global Exposure Dataset for Algeria,GAR15 Global Exposure Dataset for Dominican Republic,GAR15 Global Exposure Dataset for Denmark,GAR15 Global Exposure Dataset for Dominica,GAR15 Global Exposure Dataset for Djibouti,GAR15 Global Exposure Dataset for Germany,GAR15 Global Exposure Dataset for Czech Republic,GAR15 Global Exposure Dataset for Cyprus,GAR15 Global Exposure Dataset for Cayman Islands,GAR15 Global Exposure Dataset for Cuba,GAR15 Global Exposure Dataset for Costa Rica,GAR15 Global Exposure Dataset for Cabo Verde,GAR15 Global Exposure Dataset for Comoros,GAR15 Global Exposure Dataset for Colombia,GAR15 Global Exposure Dataset for Congo,GAR15 Global Exposure Dataset for Congo (Democratic Republic of the),GAR15 Global Exposure Dataset for Cameroon,GAR15 Global Exposure Dataset for China,GAR15 Global Exposure Dataset for Switzerland,GAR15 Global Exposure Dataset for Canada,GAR15 Global Exposure Dataset for Central African Republic,GAR15 Global Exposure Dataset for Botswana,GAR15 Global Exposure Dataset for Bhutan,GAR15 Global Exposure Dataset for Brunei Darussalam,GAR15 Global Exposure Dataset for Barbados,GAR15 Global Exposure Dataset for Réunion,GAR15 Global Exposure Dataset for Côte d'Ivoire,GAR15 Global Exposure Dataset for Bolivia (Plurinational State of),GAR15 Global Exposure Dataset for Bermuda,GAR15 Global Exposure Dataset for Belize,GAR15 Global Exposure Dataset for Belarus,GAR15 Global Exposure Dataset for Bosnia and Herzegovina,GAR15 Global Exposure Dataset for Bahamas,GAR15 Global Exposure Dataset for Bahrain,GAR15 Global Exposure Dataset for Bulgaria,GAR15 Global Exposure Dataset for Bangladesh,GAR15 Global Exposure Dataset for Burkina Faso,GAR15 Global Exposure Dataset for Benin,GAR15 Global Exposure Dataset for Belgium,GAR15 Global Exposure Dataset for Burundi,GAR15 Global Exposure Dataset for Azerbaijan,GAR15 Global Exposure Dataset for Austria,GAR15 Global Exposure Dataset for Australia,GAR15 Global Exposure Dataset for Antigua and Barbuda,GAR15 Global Exposure Dataset for Armenia,GAR15 Global Exposure Dataset for Argentina,GAR15 Global Exposure Dataset for United Arab Emirates,GAR15 Global Exposure Dataset for Andorra,GAR15 Global Exposure Dataset for Albania,GAR15 Global Exposure Dataset for Zambia,GAR15 Global Exposure Dataset for Anguilla,GAR15 Global Exposure Dataset for Afghanistan,GAR15 Global Exposure Dataset for Angola,GAR15 Global Exposure Dataset for Aruba
Create,,ROLAC - Ecuador Population,,OCHA Latin America and the Caribbean (ROLAC),,none,edcef26f-fdc3-40c4-ba88-219982e7517f|a4b00c3f-20a0-477c-9175-35d545bdd53a|5140d227-9f50-4e3a-8ced-2c959a6d384c|fa784332-cea7-44d8-bb17-a9cf77609ee7|092a3fc0-a281-4e2f-9659-29218e7f8e9d|649d519a-a95b-41f0-ac8d-3ddaad5ad948|88c73a53-7d07-4aee-b073-f1f081a6cbec|0e9ed511-00bd-4e9b-8526-5bf0c6223239|0f02c975-fe20-4f6a-bbcf-1b9f44de9eb5,"Ecuador – Population by administrative areas (Province, cantonal and Parish)",Ecuador – Population registered in the civil registry at the Cantonal Level in Manabi,Ecuador - Population registered in the civil registry at the Parish Level in Manabi,Ecuador - Population with a National Identity card at the parish Level in Manabi,Ecuador – Population with a National Identity card at the Parish Level in Esmeraldas,Ecuador – Population registered in the Civil registry at the Cantonal Level in Esmeraldas,Ecuador - Population with a National Identity card at the Cantonal Level in Manabi,Ecuador – Population with a National Identity card at the Cantonal Level in Esmeraldas,Ecuador - Population registered in the civil registry at the Parish Level in Esmeraldas,,,,,,,,,,,,,,,,,,,,,,,,,,,,,,,,,,,,,,,,,,,,,,,,,,,,,,,,,,,,,,,,,,,,,,,,,,,,,,,,,,,,,,,,,,,,,,,,,,,,,,,,,,,,,,,,,,,,,,,,,,,,,,,,,,,,,,,,,,,,,,,,,,,,,,,,,,,,,,,,,,,,,,,,,,,,
Create,,Vanuatu NDMO (Cyclone Pam) - Cyclone Pam Consolidated stocktake,,Vanuatu NDMO (Cyclone Pam),,none,e620970b-449e-47c8-bcbe-2aecd664c0a1|1f87a060-8239-4dd5-a4bf-df8fabf4f30a|95c2ab1f-aed0-42d0-8709-af9ba516fc84|fd91ee39-5234-424f-bfc2-a693e3c22df7|5df3e5d0-d57c-430d-a359-49ccc09e4185|ac549491-66a7-4e6b-82b1-1b7bb9ed5632,Consolidated Stocktake of Cyclone Pam Aid Supplies,Consolidated Stocktake of Cyclone Pam Aid Supplies,Consolidated Stocktake of Cyclone Pam Aid Supplies,Consolidated Stocktake of Cyclone Pam Aid Supplies,Consolidated Stocktake of Cyclone Pam Aid Supplies,Consolidate Stocktake of Cyclone Pam Aid Supplies,,,,,,,,,,,,,,,,,,,,,,,,,,,,,,,,,,,,,,,,,,,,,,,,,,,,,,,,,,,,,,,,,,,,,,,,,,,,,,,,,,,,,,,,,,,,,,,,,,,,,,,,,,,,,,,,,,,,,,,,,,,,,,,,,,,,,,,,,,,,,,,,,,,,,,,,,,,,,,,,,,,,,,,,,,,,,,,
Create,,HDX - Food Security Mapping,,HDX|HDX,,none,aeaccada-e96d-46f2-8e74-29fd39509f56|7523b025-72c1-4154-a65f-7b3dfa089940|6ba77587-c567-4be3-b00a-2e49045371ce|80912e37-d78b-482c-b954-47b9f682ac00|9637e552-6874-4d2e-9032-d6bf31628ff0|07302269-1db1-4a28-9daa-5090bad00df3|acb5201e-9553-4c30-9790-5c0e698e6838|708dccdf-c303-447e-8aa0-43ab343fc45c|089948e5-9388-4510-acf8-90aca121e8c5|49f435a9-79bb-424e-8baa-69c42f5fe638|74ebff49-6131-4d9b-a76e-f9cd5867b821|c739272a-895d-42bb-90ea-542b6ca30797|ff08d652-cfae-44a0-a320-80e9f403d67b|4728d005-961d-4004-be82-44407f57814a|88493b22-035e-4a70-9a18-e6cdf58304db|db011ef7-e5ce-4cb6-a5af-566ad1ed4628|ea5edab7-900a-41cf-8ca3-8fc840965564|7b2839f0-a31c-4b12-a62e-85ecd5ca15e7|e25b355f-0afa-4ee4-a7cb-78c729841a0b|1d2dc3fc-12f9-415a-979b-6ed15a270ae7|bd62c449-9f06-407a-808e-017326061789|cb4ff74d-0b79-4d4b-b90b-e339b8a25a87|c74d1089-08a2-487c-a27e-bcf309013c9b|4cb76b4f-600a-4386-a3cb-6d69a9fa19cb|a7032c98-a326-479e-aa35-7599629e6fea|c8d57d52-7243-4f2a-9dff-afa8973b0d9b|14d6d5a5-6bfa-4d50-958c-eccce0889472|7520bb91-2523-448b-84ce-123760f5e028|f6c02e2c-5476-41a8-bc45-e4fb86fd08f8|9cd767f7-8be5-45ca-8d2a-2ad2b2186d5e|43993602-5f83-4885-8d4b-c2ecd5f0e01f|1ceb8936-2477-4fad-bb5d-9b9b4e751ead|b5a4e6f6-0f4b-4c43-9d3c-741d71647dca|fd5436f8-1f4f-4dba-8e92-bdb799c6ac33|11d18e27-a29a-4b61-a34a-bd06073dcd35|6c93e65e-055b-4624-83d5-b1da1c1e2813|8d5caf1e-6e5a-47a7-876c-f876549c9668|b04ce9c9-6137-49d5-b2a5-e320d6dfe74b|270f3c32-d5c9-438e-848c-6e1115797e3f|be7be7f5-178e-4d0a-b101-f237f4f1f9d9|ea3b4533-e164-4ea1-b90e-f19da40851c8|7d630069-5921-4a9a-8608-20917d521b0b|6b40ae7d-a284-4096-8848-100bd4f0735b|90832d43-5de6-4971-a08d-7b15097916a0|87f14ecd-3c7c-4ced-bc9b-ab9b88cfb2ea|f7be8188-c3b5-4a7f-aa21-afb541c750f5|cf660232-00f8-47e8-bad4-df3506887d4e|da9ff40b-217b-413b-b1e8-e82c1100deea|9ff6a664-cdd2-4085-a2d5-9183b5e007c4|1eab761f-c734-4f49-94b8-d7bc49e7e254|bec8001c-00fd-4015-be5e-767ae94f2a87|2a20ed10-de7f-4cac-8867-e699f3cc903d|e1cd3f96-52ba-47c6-bdc9-6bb3a6b68e3f,Food Insecurity Mapping - Southern Africa (July - September 2015),Food Insecurity Mapping - Southern Africa (January - March 2015),Food Insecurity Mapping - Southern Africa (October - December 2014),Food Insecurity Mapping - Southern Africa (July - September 2014),Food Insecurity Mapping - Southern Africa (April - June 2014),Food Insecurity Mapping - Southern Africa (January - March 2014),Food Insecurity Mapping - Southern Africa (October - December 2015),Food Insecurity Mapping - Southern Africa (July - September 2013),Food Insecurity Mapping - Southern Africa (April - June 2013),Food Insecurity Mapping - Southern Africa (January - March 2013),Food Insecurity Mapping - East Africa (July - September 2015),Food Insecurity Mapping - East Africa (October - December 2014),Food Insecurity Mapping - East Africa (July - September 2014),Food Insecurity Mapping - East Africa (April - June 2014),Food Insecurity Mapping - East Africa (October - September 2013),Food Insecurity Mapping - East Africa (July - September 2013),Food Insecurity Mapping - East Africa (January - March 2013),Food Insecurity Mapping - West Africa (October - December 2014),Food Insecurity Mapping - West Africa (July - September 2014),Food Insecurity Mapping - West Africa (April - June 2014),Food Insecurity Mapping - West Africa (January - March 2014),Food Insecurity Mapping - West Africa (October - December 2013),Food Insecurity Mapping - West Africa (July - September 2013),Food Insecurity Mapping - West Africa (April - June 2013),Food Insecurity Mapping - West Africa (January - March 2013),Food Insecurity Mapping - Central Asia (July - September 2015),Food Insecurity Mapping - Central Asia (October - December 2014),Food Insecurity Mapping - Central Asia (July - September 2014),Food Insecurity Mapping - Central Asia (April - June 2014),Food Insecurity Mapping - Central Asia (January - March 2014),Food Insecurity Mapping - Central Asia (October - December 2013),Food Insecurity Mapping - Central Asia (July - September 2013),Food Insecurity Mapping - Central Asia (April - June 2013),Food Insecurity Mapping - Central Asia (January - March 2013),Food Insecurity Mapping - Central America and The Caribbean (January - March 2013),Food Insecurity Mapping - Central America and The Caribbean (April - June 2013),Food Insecurity Mapping - Central America and The Caribbean (July - September 2013),Food Insecurity Mapping - Central America and The Caribbean (October - December 2013),Food Insecurity Mapping - Central America and The Caribbean (January - March 2014),Food Insecurity Mapping - Central America and The Caribbean (April - June 2014),Food Insecurity Mapping - Central America and The Caribbean (July - September 2014),Food Insecurity Mapping - Central America and The Caribbean (October - December 2014),Food Insecurity Mapping - Southern Africa (April - June 2015),Food Insecurity Mapping - East Africa (April - June 2015),Food Insecurity Mapping - East Africa (January - March 2015),Food Insecurity Mapping - West Africa (July - September 2015),Food Insecurity Mapping - West Africa (April - June 2015),Food Insecurity Mapping - West Africa (January - March 2015),Food Insecurity Mapping - Central Asia (April - June 2015),Food Insecurity Mapping - Central Asia (January - March 2015),Food Insecurity Mapping - Central America and The Caribbean (January - March 2015),Food Insecurity Mapping - Central America and The Caribbean (July - September 2015),Food Insecurity Mapping - Central America and The Caribbean (April - June 2015),Food Insecurity Mapping - Southern Africa (April - June 2015),Food Insecurity Mapping - East Africa (April - June 2015),Food Insecurity Mapping - East Africa (January - March 2015),Food Insecurity Mapping - West Africa (July - September 2015),Food Insecurity Mapping - West Africa (April - June 2015),Food Insecurity Mapping - West Africa (January - March 2015),Food Insecurity Mapping - Central Asia (April - June 2015),Food Insecurity Mapping - Central Asia (January - March 2015),Food Insecurity Mapping - Central America and The Caribbean (January - March 2015),Food Insecurity Mapping - Central America and The Caribbean (July - September 2015),Food Insecurity Mapping - Central America and The Caribbean (April - June 2015),,,,,,,,,,,,,,,,,,,,,,,,,,,,,,,,,,,,,,,,,,,,,,,,,,,,,,,,,,,,,,,,,,,,,,,,,,,,,,,,,,,,,,,,,,,,,,,,,,,,,,,,,,,,,,,,,,,,,
Create,,COD - Humanitarian Needs Overview,,,,,780d9bc7-c2c9-4dd3-9458-887e35b44698|019de7ad-8043-4755-b1fb-f84ce4b961a5|f06dad13-b38b-4659-ab9f-75c0d5152b33|8196baf9-c8a0-4608-a5fb-d70cca3fda11|1095c875-00e2-44ce-911f-7e9e285ecfc5|3eab7ed8-d4df-4ba7-8848-c5a0e121421d|92134b91-578b-4f0e-90ef-9d63170e9ead,Haiti - Humanitarian Needs Overview,Ukraine: Humanitarian Needs Overview,Afghanistan: Humanitarian Needs Overview,Yemen : Humanitarian Needs Overview,Iraq - Humanitarian Needs Overview,Democratic Republic of the Congo: Humanitarian Needs Overview,Sudan: 2021 HNO Baseline Data,,,,,,,,,,,,,,,,,,,,,,,,,,,,,,,,,,,,,,,,,,,,,,,,,,,,,,,,,,,,,,,,,,,,,,,,,,,,,,,,,,,,,,,,,,,,,,,,,,,,,,,,,,,,,,,,,,,,,,,,,,,,,,,,,,,,,,,,,,,,,,,,,,,,,,,,,,,,,,,,,,,,,,,,,,,,,,