Action,Notes,title,key,Org,count,Matches,Unmatched,Names,,,,
Approved,,FAO - Food Security Indicators,data series,Food and Agriculture Organization (FAO),207,none|125,5557eb46-949d-4eb8-9f10-b93e0e04ff84,Türkiye - Food Security and Nutrition Indicators,,,,
Approved,,WHO - WHO Health Indicators,data series,World Health Organization,200,none|11,f02860b9-4650-45a1-b540-f95a158ce0e2,Wallis and Futuna Islands - Health Indicators,,,,
Approved,,Kontur - Administrative Division with Aggregated Population,data series,Kontur,243,none|83,18e11db2-6d7e-49d7-9d9e-65ba64052571|7fe46b58-7bee-46fa-b780-d99beb3d5cbb|09885a29-fe86-4a52-9739-401d6442dd61|628a63c5-0c05-4704-bcb1-c6c358d3f09e|64a6a78b-c1af-4169-9741-3770e2d8b925,State of Palestine: Administrative Division with Aggregated Population,Svalbard and Jan Mayen Islands: Administrative Division with Aggregated Population,Western Sahara: Administrative Division with Aggregated Population,Wallis and Futuna Islands: Administrative Division with Aggregated Population,United States Minor Outlying Islands (the): Administrative Division with Aggregated Population
Approved,,UNHCR - Post-Distribution Monitoring of Cash-Based Intervention,data series,UNHCR - The UN Refugee Agency,22,none|112,b488490f-2121-465e-9c10-e7bf1ddfb06c,Nepal - Post-Distribution Monitoring of Cash-Based Interventions 2022,,,,
Approved,,UNHCR - Post Distribution Monitoring of Non-Food Items,data series,UNHCR - The UN Refugee Agency,6,none|93,6a155c6b-5009-430a-9a63-c770b083686c,"Bangladesh - Post-Distribution Monitoring of Non-Food Items, 2022",,,,
Approved,,OCHA FTS - Humanitarian Response Plan Projects,data series,OCHA Financial Tracking System (FTS),48,none|8,e86144fb-8f79-42c9-b59f-926817b1b1ee,Humanitarian Response Plan projects for Slovakia,,,,
Approved,,HOTOSM - Populated Places,data series,Humanitarian OpenStreetMap Team (HOT)|Humanitarian OpenStreetMap Team (HOT),385,none|17,535d14f4-d9b7-4870-a50a-734c482ac97a,HOTOSM Mongolia Populated Places (OpenStreetMap Export),,,,
Approved,,iMMAP -,excluded,iMMAP,11,none|67,4954be6a-7c0e-4f1e-af85-f01d45d86cab,Diagnóstico de Necesidades y Capacidades en Manejo y Analítica de Información,,,,
Approved,,HOTOSM - Roads,data series,Humanitarian OpenStreetMap Team (HOT),384,none|24,e5aa7dec-8d33-474d-ade6-7887e7552866,HOTOSM Mongolia Roads (OpenStreetMap Export),,,,
Approved,,HOTOSM - Railways,data series,Humanitarian OpenStreetMap Team (HOT)|Humanitarian OpenStreetMap Team (HOT),384,none|15,e49aa7a9-1b35-4c16-9412-62e8006b2d80,HOTOSM Mongolia Railways (OpenStreetMap Export),,,,
Approved,,COD - Populated Places - Settlements,data series,OCHA Field Information Services Section (FISS),25,none|77,211460f4-06e0-4edb-afcd-e8ce053f5176,Türkiye - Elazig province populated places,,,,
Exclude,,COD - Populated Places - Settlements,data series,OCHA Field Information Services Section (FISS),,none|77,c0be16f8-aaba-4653-9fbf-ecbd732eb0c7,Haiti administrative level 0-3 gazetteer,,,,
Approved,,HOTOSM - Financial Services,data series,Humanitarian OpenStreetMap Team (HOT)|Humanitarian OpenStreetMap Team (HOT),385,none|16,f71038fc-ca1a-4f0c-ac10-289779393f22,HOTOSM Mongolia Financial Services (OpenStreetMap Export),,,,
Approved,,HOTOSM - Health Facilities,data series,Humanitarian OpenStreetMap Team (HOT),384,none|18,2e970356-d365-49fb-908d-dc1f50b781a5,HOTOSM Mongolia Health Facilities (OpenStreetMap Export),,,,
Approved,,HOTOSM - Education Facilities,data series,Humanitarian OpenStreetMap Team (HOT)|Humanitarian OpenStreetMap Team (HOT),385,none|19,974b17a4-59b7-402c-a518-92054f95c865,HOTOSM Mongolia Education Facilities (OpenStreetMap Export),,,,
Approved,,HOTOSM - Sea Ports,data series,Humanitarian OpenStreetMap Team (HOT)|Humanitarian OpenStreetMap Team (HOT),385,none|20,ebbca820-f80e-464a-b3d7-e816a6672f96,HOTOSM Mongolia Sea Ports (OpenStreetMap Export),,,,
Approved,,HOTOSM - Airports,data series,Humanitarian OpenStreetMap Team (HOT)|Humanitarian OpenStreetMap Team (HOT),385,none|21,8ee01f95-955b-4df1-acd0-ed6986a9a57c,HOTOSM Mongolia Airports (OpenStreetMap Export),,,,
Approved,,HOTOSM - Points of Interest,data series,Humanitarian OpenStreetMap Team (HOT)|Humanitarian OpenStreetMap Team (HOT),385,none|22,85ded2a1-dc94-4d96-b8b4-73fac108e0e8,HOTOSM Mongolia Points of Interest (OpenStreetMap Export),,,,
Approved,,HOTOSM - Waterways,data series,Humanitarian OpenStreetMap Team (HOT)|Humanitarian OpenStreetMap Team (HOT)|Humanitarian OpenStreetMap Team (HOT),385,none|23,9a38f2ad-39e3-46d7-acd9-fd1d74a8a07d,HOTOSM Mongolia Waterways (OpenStreetMap Export),,,,
Approved,,HOTOSM - Buildings,data series,Humanitarian OpenStreetMap Team (HOT)|Humanitarian OpenStreetMap Team (HOT),378,none|14,b15db02a-9fe7-49bf-8741-e585ef7c570b,HOTOSM Mongolia Buildings (OpenStreetMap Export),,,,
Approved,,HOTOSM - Buildings,data series,Humanitarian OpenStreetMap Team (HOT),378,none|14,b15db02a-9fe7-49bf-8741-e585ef7c570b,HOTOSM Mongolia Buildings (OpenStreetMap Export),,,,
Approved,,HOTOSM - Railways,data series,Humanitarian OpenStreetMap Team (HOT),384,none|15,e49aa7a9-1b35-4c16-9412-62e8006b2d80,HOTOSM Mongolia Railways (OpenStreetMap Export),,,,
Approved,,HOTOSM - Financial Services,data series,Humanitarian OpenStreetMap Team (HOT),385,none|16,f71038fc-ca1a-4f0c-ac10-289779393f22,HOTOSM Mongolia Financial Services (OpenStreetMap Export),,,,
Approved,,HOTOSM - Education Facilities,data series,Humanitarian OpenStreetMap Team (HOT),385,none|19,974b17a4-59b7-402c-a518-92054f95c865,HOTOSM Mongolia Education Facilities (OpenStreetMap Export),,,,
Approved,,HOTOSM - Sea Ports,data series,Humanitarian OpenStreetMap Team (HOT),385,none|20,ebbca820-f80e-464a-b3d7-e816a6672f96,HOTOSM Mongolia Sea Ports (OpenStreetMap Export),,,,
Approved,,HOTOSM - Airports,data series,Humanitarian OpenStreetMap Team (HOT),385,none|21,8ee01f95-955b-4df1-acd0-ed6986a9a57c,HOTOSM Mongolia Airports (OpenStreetMap Export),,,,
Approved,,HOTOSM - Points of Interest,data series,Humanitarian OpenStreetMap Team (HOT),385,none|22,85ded2a1-dc94-4d96-b8b4-73fac108e0e8,HOTOSM Mongolia Points of Interest (OpenStreetMap Export),,,,
Approved,,HOTOSM - Waterways,data series,Humanitarian OpenStreetMap Team (HOT),385,none|23,9a38f2ad-39e3-46d7-acd9-fd1d74a8a07d,HOTOSM Mongolia Waterways (OpenStreetMap Export),,,,
Exclude,,COD - Subnational Administrative Boundaries,data series,OCHA Sudan,115,none|12,e0ce199b-295f-4feb-b155-e3cf0f84705a|af5dee92-be5e-4d02-bbcf-37b44e4025fb,Sudan : Administrative line boundaries 1,Sudan Administative line boundaries 2,,,
Approved,,,,,,none|243,022d7a8b-ed09-48a4-b962-baaf00eac6d1,Brazil: NDVI at Subnational Level,,,,
Approved,,,,,,none|243,79495d49-8a79-4c75-b95c-27c7f9b316d9,Japan: NDVI at Subnational Level,,,,
Approved,,,,,,none|243,c645c5b3-b961-4579-bed4-2c9a62fdf718,Mexico: NDVI at Subnational Level,,,,
Approved,,,,,,none|243,4b617bf1-d153-41f1-a3a6-ce32f5d3480a,Bulgaria: NDVI at Subnational Level,,,,
Approved,,,,,,none|243,a4d0173c-0aff-4659-bc88-8da801f248b6,Russian Federation: NDVI at Subnational Level,,,,
Approved,,,,,,none|243,76fc2137-f5d4-48ff-a8b7-201f05952e35,Hungary: NDVI at Subnational Level,,,,
Approved,,,,,,none|243,fdf42272-7baf-4f66-91e4-79083a62c7de,Tonga: NDVI at Subnational Level,,,,
Approved,,,,,,none|243,af9f1116-97be-4cd8-98f2-aa97257d933c,Pakistan: NDVI at Subnational Level,,,,
Approved,,,,,,none|243,8dd6d25a-740d-482f-b15f-e5616ccdc92f,Vanuatu: NDVI at Subnational Level,,,,
Approved,,,,,,none|243,579ee057-f8ae-42bd-818d-3c211fb55dde,Lao People's Democratic Republic: NDVI at Subnational Level,,,,
Approved,,,,,,none|243,ff149b70-46af-4749-9499-871df51490c5,South Africa: NDVI at Subnational Level,,,,
Approved,,,,,,none|243,d26ab845-08fa-48e5-961c-cfc08a15f527,Zimbabwe: NDVI at Subnational Level,,,,
Approved,,,,,,none|243,f0926dee-ff7d-4c27-9667-374fd1f6f3cc,Slovakia: NDVI at Subnational Level,,,,
Approved,,,,,,none|243,58a4116d-f2f4-4584-9c3a-17f85a3a02e1,Rwanda: NDVI at Subnational Level,,,,
Approved,,,,,,none|243,fd5fef63-778b-4c16-b453-428cb4196968,Timor-Leste: NDVI at Subnational Level,,,,
Approved,,,,,,none|243,25f610fa-20c9-4193-ac1a-df418b9a1a0a,Romania: NDVI at Subnational Level,,,,
Approved,,,,,,none|243,e211a1f7-2d29-4b97-8956-ba68548f4318,Viet Nam: NDVI at Subnational Level,,,,
Approved,,,,,,none|243,6f73f328-b8ec-4ea7-89d3-2c6d7147f1ad,Panama: NDVI at Subnational Level,,,,
Approved,,,,,,none|243,36056181-30c4-426f-8c5d-3e57b48ed42a,Mongolia: NDVI at Subnational Level,,,,
Approved,,,,,,none|243,4688144e-3538-47e8-bb13-bb97101daf08,Senegal: NDVI at Subnational Level,,,,
Approved,,,,,,none|243,3bf3db2e-522c-4ab6-b3dc-4a446195de03,Mauritania: NDVI at Subnational Level,,,,
Approved,,,,,,none|243,873c2962-c5ef-4b53-8954-3b861f854d07,Peru: NDVI at Subnational Level,,,,
Approved,,,,,,none|243,c611161c-fd50-42f8-ac28-0380745ae6b5,Tunisia: NDVI at Subnational Level,,,,
Approved,,,,,,none|243,17e34a9e-b6e9-4df1-b30b-9cf53ac52e41,Solomon Islands: NDVI at Subnational Level,,,,
Approved,,,,,,none|243,7c2c5337-9f01-4228-915e-094bae5eb4c3,Malaysia: NDVI at Subnational Level,,,,
Approved,,,,,,none|243,9ca18bdd-44c5-4587-a05c-519ed65625ae,Uganda: NDVI at Subnational Level,,,,
Approved,,,,,,none|243,e5b91350-f0ac-4668-a0b3-09943ff86a63,Zambia: NDVI at Subnational Level,,,,
Approved,,,,,,none|243,023eaf1f-19aa-44be-8fec-1737e3dce00c,Türkiye: NDVI at Subnational Level,,,,
Approved,,,,,,none|243,00449b7e-456d-447e-ba5d-039d0149a160,Congo: NDVI at Subnational Level,,,,
Approved,,,,,,none|243,35bd0b32-b8d6-45bc-9423-c91fc069f63b,Saint Lucia: NDVI at Subnational Level,,,,
Approved,,,,,,none|243,44dca4cf-3ad9-45d0-a2c5-6c6f51aa156b,Guinea: NDVI at Subnational Level,,,,
Approved,,,,,,none|243,a3247c01-b407-43ad-aabc-afb2e81e35da,Guyana: NDVI at Subnational Level,,,,
Approved,,,,,,none|243,c34f7643-be7a-4e2f-9398-6d658cbb2c32,Kyrgyzstan: NDVI at Subnational Level,,,,
Approved,,,,,,none|243,b4e22e97-61c3-41f5-af42-09f1b98d493b,Maldives: NDVI at Subnational Level,,,,
Approved,,,,,,none|243,a327a55f-0a68-4755-b8f8-237317908b24,United Republic of Tanzania: NDVI at Subnational Level,,,,
Approved,,,,,,none|243,ec2e7247-7cb6-4daf-9cfb-b0be1d4ed50a,Lesotho: NDVI at Subnational Level,,,,
Approved,,,,,,none|243,913cb511-7000-4c9b-a389-2c405d155eb0,Eswatini: NDVI at Subnational Level,,,,
Approved,,,,,,none|243,4faf54a9-51ed-4e38-af16-2795050619ff,Thailand: NDVI at Subnational Level,,,,
Approved,,,,,,none|243,8d8fda4c-59c3-4168-b0c1-8cd70dbc48c1,Poland: NDVI at Subnational Level,,,,
Approved,,,,,,none|243,84d7386b-d9a8-4fb4-b374-9429e335a9c8,Democratic People's Republic of Korea: NDVI at Subnational Level,,,,
Approved,,,,,,none|243,b91cadb0-d33c-45f1-bcba-67f5885ba3e1,Lebanon: NDVI at Subnational Level,,,,
Approved,,,,,,none|243,310aa8bb-53d4-4610-9460-a58389e1507f,Sierra Leone: NDVI at Subnational Level,,,,
Approved,,,,,,none|243,31bb6359-9490-4c74-90fd-05e26bf0676d,United States Virgin Islands: NDVI at Subnational Level,,,,
Approved,,,,,,none|243,168273e0-3d47-4556-8269-08c685302b45,Greece: NDVI at Subnational Level,,,,
Approved,,,,,,none|243,d0f6030b-c0be-41b7-af61-92db07fe6293,Sao Tome and Principe: NDVI at Subnational Level,,,,
Approved,,,,,,none|243,ee1f8f3d-450c-4be0-98ac-137fdb4c8429,Paraguay: NDVI at Subnational Level,,,,
Approved,,,,,,none|243,b838a398-5658-436e-bc2a-9134c99c7c21,Uruguay: NDVI at Subnational Level,,,,
Approved,,,,,,none|243,caba5ec8-3170-4226-81cd-150a26880b0d,Oman: NDVI at Subnational Level,,,,
Approved,,,,,,none|243,584c1f26-8382-4fe6-94d1-c84acdb99d78,Papua New Guinea: NDVI at Subnational Level,,,,
Approved,,,,,,none|243,a0f4d157-4076-48f1-b473-488072b89f63,Martinique: NDVI at Subnational Level,,,,
Approved,,,,,,none|243,16eee418-3a7e-456c-af57-61ef6cc59ef3,Nicaragua: NDVI at Subnational Level,,,,
Approved,,,,,,none|243,e7e5de01-2d23-4e1b-976c-0a1dffaefb8b,Uzbekistan: NDVI at Subnational Level,,,,
Approved,,,,,,none|243,ef661cdd-6bbc-469c-b4a0-7bc62fd23c4d,Eritrea: NDVI at Subnational Level,,,,
Approved,,,,,,none|243,8ac8751b-23e5-45ce-8cb6-6754f47efa53,Cambodia: NDVI at Subnational Level,,,,
Approved,,,,,,none|243,c4bff526-ccfb-44e2-99dc-43eaabb5ce72,Togo: NDVI at Subnational Level,,,,
Approved,,,,,,none|243,fc6f371f-eb4b-4ba7-945c-4a2084816bfa,Namibia: NDVI at Subnational Level,,,,
Approved,,,,,,none|243,c5791b35-c767-4641-b781-04215a241525,Seychelles: NDVI at Subnational Level,,,,
Approved,,,,,,none|243,8ba9fda8-3a66-4c4c-8c5b-7456e755c874,Equatorial Guinea: NDVI at Subnational Level,,,,
Approved,,,,,,none|243,de490cf0-14fc-44e2-bfba-e1b1fd2999d8,China: NDVI at Subnational Level,,,,
Approved,,,,,,none|243,730a3790-b75e-4346-824c-ff3c56105618,Algeria: NDVI at Subnational Level,,,,
Approved,,,,,,none|243,8eca09ab-f3c2-4442-9bdf-006d3936e5d8,Liberia: NDVI at Subnational Level,,,,
Approved,,,,,,none|243,2d8dac3c-e418-46e4-a4ed-0ca86f51d728,Kenya: NDVI at Subnational Level,,,,
Approved,,,,,,none|243,51caf685-cccc-4d1f-aec8-c91dc52f8090,Kiribati: NDVI at Subnational Level,,,,
Approved,,,,,,none|243,7e823575-3777-4ee4-88e6-23c33a462cfc,Argentina: NDVI at Subnational Level,,,,
Approved,,,,,,none|243,a1116234-6239-4689-9fa6-8aa9d4d86f69,North Macedonia: NDVI at Subnational Level,,,,
Approved,,,,,,none|243,d310e0f6-b68e-481e-8066-6e6718a0115f,Suriname: NDVI at Subnational Level,,,,
Approved,,,,,,none|243,2e8fec64-3e2a-46d3-a758-e779f5340b2f,Chile: NDVI at Subnational Level,,,,
Approved,,,,,,none|243,b261f415-8205-4158-a7aa-470dd6e5ee51,Guadeloupe: NDVI at Subnational Level,,,,
Approved,,,,,,none|243,6348c772-755e-45a8-9e6b-88a6963180cc,Morocco: NDVI at Subnational Level,,,,
Approved,,,,,,none|243,9b95e1b1-4e3c-4112-907c-5546ca251151,Ghana: NDVI at Subnational Level,,,,
Approved,,,,,,none|243,48922669-f1d8-4eb9-a58b-b3c6197905ab,Sri Lanka: NDVI at Subnational Level,,,,
Approved,,,,,,none|243,df8c721b-d59c-4173-bad7-57a9f01eb7a6,Iran (Islamic Republic of): NDVI at Subnational Level,,,,
Approved,,,,,,none|243,45ef9bfe-3fab-4ce9-90bf-9b09b569270f,French Guiana: NDVI at Subnational Level,,,,
Approved,,,,,,none|243,4cf439c8-bd14-4fcc-9579-b3ca729ae59f,Gambia: NDVI at Subnational Level,,,,
Approved,,,,,,none|243,73624304-fd3d-41dd-9c8d-0994a2a46bcf,Micronesia (Federated States of): NDVI at Subnational Level,,,,
Approved,,,,,,none|243,ad5c78d4-8fa2-44b3-b4ac-e563dc9d235c,Benin: NDVI at Subnational Level,,,,
Approved,,,,,,none|243,38479775-406f-4589-8ee8-3d536568377c,Armenia: NDVI at Subnational Level,,,,
Approved,,,,,,none|243,f3234974-3ca9-4a10-a97a-674705eaeea7,Indonesia: NDVI at Subnational Level,,,,
Approved,,,,,,none|243,07dbb4d1-76af-4d86-844b-130bf88db476,Georgia: NDVI at Subnational Level,,,,
Approved,,,,,,none|243,f211feed-94f8-440e-a47f-4b3ceecd45f1,Ecuador: NDVI at Subnational Level,,,,
Approved,,,,,,none|243,729ed04a-d80e-4202-b3ae-f48b795699d4,Dominican Republic: NDVI at Subnational Level,,,,
Approved,,,,,,none|243,c20ad5ec-8911-4e42-a9cc-a0031acf2428,Botswana: NDVI at Subnational Level,,,,
Approved,,,,,,none|243,6a28bc56-777a-4514-b516-1a6f0cb278f3,Comoros: NDVI at Subnational Level,,,,
Approved,,,,,,none|243,74c79ad4-99fe-4028-8253-c8675d0f9f13,Guinea-Bissau: NDVI at Subnational Level,,,,
Approved,,,,,,none|243,6f90b450-d8c4-4fd3-b5a0-20996e74adb5,Djibouti: NDVI at Subnational Level,,,,
Approved,,,,,,none|243,3ca138a8-0832-47be-8908-5f9a95c330d9,Angola: NDVI at Subnational Level,,,,
Approved,,,,,,none|243,c78a45f5-d809-4142-9a36-4fdb0fa31500,Bhutan: NDVI at Subnational Level,,,,
Approved,,,,,,none|243,3cd85f64-2ed2-4f0f-9a72-668c4eb55e10,Cabo Verde: NDVI at Subnational Level,,,,
Approved,,,,,,none|243,7408e7b0-ab4a-4a6f-bf88-53e863b554ad,Costa Rica: NDVI at Subnational Level,,,,
Approved,,,,,,none|243,f04044e8-0e74-4466-b81b-0b6e8e263059,Fiji: NDVI at Subnational Level,,,,
Approved,,,,,,none|243,f267e1ad-1298-4988-ab9f-c4a4edb6832b,Côte d'Ivoire: NDVI at Subnational Level,,,,
Approved,,,,,,none|243,7c43739a-01dc-42f6-ba05-9ca93f120574,Cuba: NDVI at Subnational Level,,,,
Approved,,,,,,none|243,b9c8c168-c4a8-4303-a0f3-a02af61425d7,Kazakhstan: NDVI at Subnational Level,,,,
Approved,,,,,,none|243,0501f907-8287-4ce6-a75f-242aee3528ee,Egypt: NDVI at Subnational Level,,,,
Approved,,,,,,none|243,0670da12-797c-4249-943a-3980430a09f7,Bolivia (Plurinational State of): NDVI at Subnational Level,,,,
Approved,,,,,,none|243,20dbd092-db6c-47af-b28a-1aab0ae2f8d4,Albania: NDVI at Subnational Level,,,,
Approved,,,,,,none|243,7abdd987-9c9c-40f3-8067-846ec112fb1d,Bermuda: NDVI at Subnational Level,,,,
Approved,,,,,,none|242,040221b1-3c81-4821-b82c-92326e7eaa65,Brazil: Rainfall Indicators at Subnational Level,,,,
Approved,,,,,,none|242,fc9cdbc5-1e82-4b2b-8f03-4ab396b1214f,Japan: Rainfall Indicators at Subnational Level,,,,
Approved,,,,,,none|242,2bfc60f8-7660-490e-9998-1597f4cad374,Mexico: Rainfall Indicators at Subnational Level,,,,
Approved,,,,,,none|242,f18fb0de-5323-4c2c-a987-246ece96e8bb,Algeria: Rainfall Indicators at Subnational Level,,,,
Approved,,,,,,none|242,e7b6ce3e-5a35-4c12-9ee9-76153da18bf3,Indonesia: Rainfall Indicators at Subnational Level,,,,
Approved,,,,,,none|242,06b5227a-f6d2-450f-903e-aff35f740e1b,Armenia: Rainfall Indicators at Subnational Level,,,,
Approved,,,,,,none|242,f5442ac6-4a5a-45a5-9763-ac60e5203bb1,Peru: Rainfall Indicators at Subnational Level,,,,
Approved,,,,,,none|242,86abab12-975e-453a-8e48-fa75b167d339,Sao Tome and Principe: Rainfall Indicators at Subnational Level,,,,
Approved,,,,,,none|242,4def6b87-0597-4c72-824d-2fc3c7bdf28e,Nicaragua: Rainfall Indicators at Subnational Level,,,,
Approved,,,,,,none|242,20978b3b-74bd-4746-9517-ae0fb35c02b3,South Africa: Rainfall Indicators at Subnational Level,,,,
Approved,,,,,,none|242,606de8e5-32ad-46d9-b73c-e6f04011f4fb,Tonga: Rainfall Indicators at Subnational Level,,,,
Approved,,,,,,none|242,829bc9ac-8542-4f18-a940-f15d63462113,Zambia: Rainfall Indicators at Subnational Level,,,,
Approved,,,,,,none|242,58f09dc4-7743-40be-9b1e-bc01bd0c0973,Pakistan: Rainfall Indicators at Subnational Level,,,,
Approved,,,,,,none|242,8d25d57f-e960-4eee-b949-c68ac67a7aa7,Türkiye: Rainfall Indicators at Subnational Level,,,,
Approved,,,,,,none|242,4d85e854-401e-4451-931f-e51ba68c6832,Slovakia: Rainfall Indicators at Subnational Level,,,,
Approved,,,,,,none|242,eeac9fa1-7f3d-40d6-a80f-f573b405a997,Viet Nam: Rainfall Indicators at Subnational Level,,,,
Approved,,,,,,none|242,f1c9cf51-d5c0-4f9d-adc2-e9c177eca532,Uruguay: Rainfall Indicators at Subnational Level,,,,
Approved,,,,,,none|242,2335685f-8e34-4061-ab12-341cff520110,Paraguay: Rainfall Indicators at Subnational Level,,,,
Approved,,,,,,none|242,5ce9dfd7-b391-48cd-ad22-a6d0769fafe7,Uganda: Rainfall Indicators at Subnational Level,,,,
Approved,,,,,,none|242,7ad4ddb5-bef4-4816-9231-44650a0e9931,United States Virgin Islands: Rainfall Indicators at Subnational Level,,,,
Approved,,,,,,none|242,01d1e748-875f-49ad-97e2-165c6020617f,Romania: Rainfall Indicators at Subnational Level,,,,
Approved,,,,,,none|242,6887105f-3bc0-48d6-b06c-ae706c4dba22,United Republic of Tanzania: Rainfall Indicators at Subnational Level,,,,
Approved,,,,,,none|242,4cd10ee7-ca54-4cd1-8742-e742a527902a,Uzbekistan: Rainfall Indicators at Subnational Level,,,,
Approved,,,,,,none|242,2f9f1437-2d1f-4c41-ad1c-f47c8c9d4624,Papua New Guinea: Rainfall Indicators at Subnational Level,,,,
Approved,,,,,,none|242,d5211e9a-9b5b-45b5-a62c-bae4da4def46,Namibia: Rainfall Indicators at Subnational Level,,,,
Approved,,,,,,none|242,76a5bb85-9a55-4cda-afcb-6cb4fa2739cc,Thailand: Rainfall Indicators at Subnational Level,,,,
Approved,,,,,,none|242,83018a6e-87ce-4af0-bc58-0f614f87dd55,Kenya: Rainfall Indicators at Subnational Level,,,,
Approved,,,,,,none|242,db628e52-632f-4981-97f1-b1db3cc5f294,Vanuatu: Rainfall Indicators at Subnational Level,,,,
Approved,,,,,,none|242,89612281-857e-4c8a-9fb5-67f57556f497,Senegal: Rainfall Indicators at Subnational Level,,,,
Approved,,,,,,none|242,2e9aa52a-41a8-4aa9-83c8-1a3db4ac868f,Timor-Leste: Rainfall Indicators at Subnational Level,,,,
Approved,,,,,,none|242,3f3dd7e0-6406-499a-857d-f3a946efed6d,Seychelles: Rainfall Indicators at Subnational Level,,,,
Approved,,,,,,none|242,97f60703-c536-47c7-be98-c1ac811d9406,Lesotho: Rainfall Indicators at Subnational Level,,,,
Approved,,,,,,none|242,df1ba23f-d7f7-452a-bc1c-b283b8f9a958,Iran (Islamic Republic of): Rainfall Indicators at Subnational Level,,,,
Approved,,,,,,none|242,837e1b62-9006-4662-8835-67f766f8ac79,Suriname: Rainfall Indicators at Subnational Level,,,,
Approved,,,,,,none|242,1bd3a3a1-9c39-412b-97db-bfb80866d33f,Morocco: Rainfall Indicators at Subnational Level,,,,
Approved,,,,,,none|242,a05510c2-bc9e-4e0b-8d81-26dee51fdca2,Zimbabwe: Rainfall Indicators at Subnational Level,,,,
Approved,,,,,,none|242,b6480739-2092-4082-b349-298ec29c740a,Malaysia: Rainfall Indicators at Subnational Level,,,,
Approved,,,,,,none|242,e9318e0d-0604-429d-9fe1-14926d99e188,Togo: Rainfall Indicators at Subnational Level,,,,
Approved,,,,,,none|242,c608f97a-92b6-4f46-9786-7da8c0b4c74c,Mongolia: Rainfall Indicators at Subnational Level,,,,
Approved,,,,,,none|242,2eab4635-eeff-4179-b415-5c03298b400b,Guinea: Rainfall Indicators at Subnational Level,,,,
Approved,,,,,,none|242,f802cb20-54a5-4393-95fe-7584ce347fa9,Oman: Rainfall Indicators at Subnational Level,,,,
Approved,,,,,,none|242,80e9b2b6-a772-4390-89d8-5c50ad80c663,Rwanda: Rainfall Indicators at Subnational Level,,,,
Approved,,,,,,none|242,bb414c17-af92-4d84-a141-fd705249e1d6,Micronesia (Federated States of): Rainfall Indicators at Subnational Level,,,,
Approved,,,,,,none|242,4aa34165-c135-483b-93a8-18ce1375e759,Hungary: Rainfall Indicators at Subnational Level,,,,
Approved,,,,,,none|242,ecfa83cf-80e9-4f52-9ab7-5939d7c2b9e0,Solomon Islands: Rainfall Indicators at Subnational Level,,,,
Approved,,,,,,none|242,f6924cfa-5649-476a-8cd2-b77b6298a5ba,Sierra Leone: Rainfall Indicators at Subnational Level,,,,
Approved,,,,,,none|242,e1e43579-ea0c-4d78-8126-e798f551cce0,Lebanon: Rainfall Indicators at Subnational Level,,,,
Approved,,,,,,none|242,94c21706-ff44-4273-a45b-2fb4cd098981,Russian Federation: Rainfall Indicators at Subnational Level,,,,
Approved,,,,,,none|242,e766c543-e600-4445-8c2c-c1d31e52b3d5,Poland: Rainfall Indicators at Subnational Level,,,,
Approved,,,,,,none|242,2522b1ab-6147-4371-9857-3bb560d0a3dd,Guadeloupe: Rainfall Indicators at Subnational Level,,,,
Approved,,,,,,none|242,3212d9bf-51b1-4f52-bbc8-82aa392b8857,Democratic People's Republic of Korea: Rainfall Indicators at Subnational Level,,,,
Approved,,,,,,none|242,9d4ce780-0aa6-4cc4-983f-3aef58c93e78,Lao People's Democratic Republic: Rainfall Indicators at Subnational Level,,,,
Approved,,,,,,none|242,13ca023e-eb08-48e8-bc3b-ce5844230f57,Tunisia: Rainfall Indicators at Subnational Level,,,,
Approved,,,,,,none|242,1b69ef37-10b3-475a-ae50-215ad3ce851e,Martinique: Rainfall Indicators at Subnational Level,,,,
Approved,,,,,,none|242,972ef3f6-6fe8-45d6-ab24-dead4f81378f,Equatorial Guinea: Rainfall Indicators at Subnational Level,,,,
Approved,,,,,,none|242,7680b3f0-aa0a-45b3-8fc7-ddc29efdccc7,Mauritania: Rainfall Indicators at Subnational Level,,,,
Approved,,,,,,none|242,b107ccda-5896-4013-a704-25d1800ad9fb,Eritrea: Rainfall Indicators at Subnational Level,,,,
Approved,,,,,,none|242,4cdd8a20-36d5-4d20-8a8e-40ac64258264,Eswatini: Rainfall Indicators at Subnational Level,,,,
Approved,,,,,,none|242,78c99416-d7e2-465d-bb44-c8df7298651c,Saint Lucia: Rainfall Indicators at Subnational Level,,,,
Approved,,,,,,none|242,a1f60b8a-51ff-4ee7-87ab-897983714595,Liberia: Rainfall Indicators at Subnational Level,,,,
Approved,,,,,,none|242,ec9a0c5f-e524-48e5-8784-fc06094bebb7,Kazakhstan: Rainfall Indicators at Subnational Level,,,,
Approved,,,,,,none|242,32e1f23c-bc8a-476b-8f63-a971061e39fd,Panama: Rainfall Indicators at Subnational Level,,,,
Approved,,,,,,none|242,c3ea5976-c7c7-42a7-9d18-4c1f623caf27,Guyana: Rainfall Indicators at Subnational Level,,,,
Approved,,,,,,none|242,f178de8a-727e-4aa6-a1fa-9377d2456656,Kyrgyzstan: Rainfall Indicators at Subnational Level,,,,
Approved,,,,,,none|242,8fa90d2b-a88e-414d-84a1-50d6bc773542,Cambodia: Rainfall Indicators at Subnational Level,,,,
Approved,,,,,,none|242,8457f6bd-14d7-4452-94a2-b0c8a264b10d,North Macedonia: Rainfall Indicators at Subnational Level,,,,
Approved,,,,,,none|242,4302257e-5fa6-4c88-b8f7-f78730d8c48b,Sri Lanka: Rainfall Indicators at Subnational Level,,,,
Approved,,,,,,none|242,187fc57e-07af-43d9-b412-6aaba91a3209,Ghana: Rainfall Indicators at Subnational Level,,,,
Approved,,,,,,none|242,d640a6e4-6b1d-4abd-81f3-167bda2cef90,Benin: Rainfall Indicators at Subnational Level,,,,
Approved,,,,,,none|242,02fecc4d-7b91-49dd-aab1-6de428ac01ac,Bulgaria: Rainfall Indicators at Subnational Level,,,,
Approved,,,,,,none|242,d42146aa-47c5-413f-80d0-5d1f55fcee29,Congo: Rainfall Indicators at Subnational Level,,,,
Approved,,,,,,none|242,810800f7-ca2d-49ea-b845-6c20e7588e72,Côte d'Ivoire: Rainfall Indicators at Subnational Level,,,,
Approved,,,,,,none|242,459b918b-1ca8-4f0a-b8b0-1e9e58829b53,Egypt: Rainfall Indicators at Subnational Level,,,,
Approved,,,,,,none|242,fb41ffe8-966d-44a4-a935-3cb348517cad,Dominican Republic: Rainfall Indicators at Subnational Level,,,,
Approved,,,,,,none|242,629744bd-44a6-4111-bf6b-9337a4a2a79c,French Guiana: Rainfall Indicators at Subnational Level,,,,
Approved,,,,,,none|242,6aeb685c-d641-4fe6-af9f-e55f21e33758,Maldives: Rainfall Indicators at Subnational Level,,,,
Approved,,,,,,none|242,441a0216-2dce-4cc0-85d5-fe567fc5b90e,Gambia: Rainfall Indicators at Subnational Level,,,,
Approved,,,,,,none|242,8d1f4a15-1a8f-4287-8336-1fef7ab84155,Argentina: Rainfall Indicators at Subnational Level,,,,
Approved,,,,,,none|242,a1e45bba-c52b-4c23-897a-2a2beb664591,Georgia: Rainfall Indicators at Subnational Level,,,,
Approved,,,,,,none|242,52679d68-6f7f-4628-8e5e-f18b31231d5f,Fiji: Rainfall Indicators at Subnational Level,,,,
Approved,,,,,,none|242,4a8ca7c3-054f-4acf-91e9-85bc1a93b11b,Djibouti: Rainfall Indicators at Subnational Level,,,,
Approved,,,,,,none|242,fe215a3f-66fd-4796-ace9-27b578cac8fa,Cuba: Rainfall Indicators at Subnational Level,,,,
Approved,,,,,,none|242,78c8e9e1-8faa-4baf-b4b1-453090915c22,Costa Rica: Rainfall Indicators at Subnational Level,,,,
Approved,,,,,,none|242,fc2db06a-9595-407b-b13b-25686a927915,Botswana: Rainfall Indicators at Subnational Level,,,,
Approved,,,,,,none|242,71e7771b-fbb6-4a57-a63f-d149567ea6a4,Ecuador: Rainfall Indicators at Subnational Level,,,,
Approved,,,,,,none|242,b98e0610-cb5c-4542-ab37-c7df3163eb62,Kiribati: Rainfall Indicators at Subnational Level,,,,
Approved,,,,,,none|242,c4acba78-1251-4888-acf7-f0ee625be1d5,Bhutan: Rainfall Indicators at Subnational Level,,,,
Approved,,,,,,none|242,cb894926-763d-4912-8498-5d79a3510f60,Chile: Rainfall Indicators at Subnational Level,,,,
Approved,,,,,,none|242,248d852e-6ea0-4902-803c-9cc8641f6340,Guinea-Bissau: Rainfall Indicators at Subnational Level,,,,
Approved,,,,,,none|242,45335df0-39fd-432f-a410-f11fa5754122,Bermuda: Rainfall Indicators at Subnational Level,,,,
Approved,,,,,,none|242,84dbf78f-3d9c-43d4-8a69-64debbd9e582,Angola: Rainfall Indicators at Subnational Level,,,,
Approved,,,,,,none|242,52d267c4-dc41-4afd-b3df-a44d43b71a0a,Albania: Rainfall Indicators at Subnational Level,,,,
Approved,,,,,,none|242,72d37c2a-5ca4-4af0-b59e-201f6e1aa33a,Greece: Rainfall Indicators at Subnational Level,,,,
Approved,,,,,,none|242,a3268325-027e-4749-bee8-b7f16973c67a,China: Rainfall Indicators at Subnational Level,,,,
Approved,,,,,,none|242,a043460f-3389-44cf-b199-323a9fc242c2,Comoros: Rainfall Indicators at Subnational Level,,,,
Approved,,,,,,none|242,6bdf6f70-aee9-4892-a6ff-e5110277e10a,Bolivia (Plurinational State of): Rainfall Indicators at Subnational Level,,,,
Approved,,,,,,none|242,ccd43313-efba-4dfe-b269-7fe2a739276a,Cabo Verde: Rainfall Indicators at Subnational Level,,,,